,A
0,Abaca
1,Aback
2,Abaci
3,Abada
4,Abaft
5,Aband
6,Abase
7,Abash
8,Abate
9,Abbey
10,Abbot
11,A B C
12,Abdal
13,Abeam
14,Abear
15,Abele
16,Aberr
17,Abhal
18,Abhor
19,Abode
20,Abide
21,Abies
22,Abime
23,Abyme
24,-able
25,Abler
26,Ablet
27,Ablen
28,-ably
29,Abnet
30,Aboma
31,Aboon
32,Abord
33,Abort
34,About
35,Above
36,Abray
37,Absis
38,Abuna
39,Abuse
40,Abuzz
41,Abysm
42,Abyss
43,Acari
44,Accoy
45,Acerb
46,Ached
47,Acini
48,Acock
49,Acold
50,Acorn
51,Acred
52,Acrid
53,Acted
54,Acton
55,Actor
56,Acute
57,Adact
58,Adage
59,Adapt
60,Adays
61,Added
62,Addax
63,Adder
64,Addle
65,Adeem
66,Aden-
67,Adeps
68,Adept
69,Adieu
70,Admit
71,Admix
72,Adobe
73,Adoor
74,Adopt
75,Adore
76,Adorn
77,Adown
78,Adrad
79,Adrip
80,Adult
81,Adunc
82,Adure
83,Adust
84,Adyta
85,Aegis
86,Aerie
87,Aero-
88,Affix
89,Afire
90,Aflat
91,Aflow
92,Afoam
93,Afoot
94,Afore
95,Afoul
96,Afric
97,Afrit
98,After
99,Again
100,Agama
101,Agami
102,Agape
103,Agasp
104,Agast
105,Agate
106,Agaty
107,Agave
108,Aging
109,Agend
110,Agent
111,Agger
112,Aggry
113,Aggri
114,Agile
115,Agios
116,Agist
117,Aglet
118,Agley
119,Aglow
120,Agnus
121,Agone
122,Agony
123,Agood
124,Agora
125,Agree
126,Agrin
127,Agrom
128,Agued
129,Agush
130,Ahead
131,Aheap
132,Ahigh
133,Ahold
134,Ahull
135,Aided
136,Aider
137,Aigre
138,Ailed
139,Aimed
140,Aimer
141,Ain't
142,Aired
143,Airer
144,Aisle
145,Aitch
146,Akene
147,Aknee
148,Aknow
149,Alack
150,Aland
151,Alarm
152,Alary
153,Alate
154,Alban
155,Albee
156,Album
157,Albyn
158,Alday
159,Alder
160,Aller
161,Aleak
162,Alert
163,Alfet
164,Algae
165,Algal
166,Algid
167,Algol
168,Algor
169,Algum
170,Alias
171,Alibi
172,Alien
173,Alife
174,Align
175,Alike
176,Aline
177,Alish
178,Alive
179,Allah
180,Allay
181,Alley
182,Allis
183,Allod
184,Alloo
185,Allot
186,Allow
187,Alloy
188,Allyl
189,Almah
190,Alman
191,Almeh
192,Almry
193,Almug
194,Aloes
195,Aloft
196,Alogy
197,Aloin
198,Alone
199,Along
200,Aloof
201,Alose
202,Aloud
203,Alpen
204,Alpha
205,Alpia
206,Altar
207,Alter
208,Altho
209,Altos
210,Alula
211,Alure
212,Alvei
213,Alway
214,Amain
215,Amass
216,Amate
217,Amaze
218,Ambi-
219,Amber
220,Babel
221,Baboo
222,Backs
223,Bacon
224,Badge
225,Caaba
226,Cabal
227,Cabas
228,Caber
229,Cabin
230,Cable
231,Cabob
232,Cacao
233,Cache
234,Cacti
235,Caddy
236,Cader
237,Cadet
238,Cadew
239,Cadge
240,Cadgy
241,Cadie
242,Cadis
243,Cadre
244,Caeca
245,Caged
246,Cagit
247,Cagot
248,Caird
249,Cairn
250,Caked
251,Calid
252,Calif
253,Calin
254,Calix
255,Calla
256,Calle
257,Calmy
258,Eager
259,Eagle
260,Eagre
261,Eared
262,Earal
263,Early
264,Earsh
265,Earst
266,Earth
267,Eased
268,Easel
269,Eaten
270,Eater
271,Eaves
272,Ebbed
273,Eblis
274,Ebony
275,Eccle
276,Echon
277,Eclat
278,Fable
279,Faced
280,Faser
281,Facet
282,Facia
283,Facto
284,Facta
285,Faded
286,Fader
287,Fadge
288,Fadme
289,Faery
290,Fagot
291,Faham
292,Faint
293,Fairy
294,Faith
295,Fakir
296,False
297,Falwe
298,Famed
299,Fanal
300,Fancy
301,Fanon
302,Farad
303,Farce
304,Farcy
305,Fared
306,Faren
307,Farry
308,Farse
309,Fasti
310,Fatal
311,Fated
312,Fatly
313,Fatty
314,Faugh
315,Fauld
316,Faule
317,Fault
318,Fauna
319,Fauni
320,Favas
321,Favel
322,Favor
323,Favus
324,Faxed
325,fayed
326,Feast
327,Feaze
328,Fecal
329,Feces
330,Fecks
331,Feere
332,Feese
333,Feeze
334,Feign
335,Feine
336,Feint
337,Feize
338,Felis
339,Felly
340,Felon
341,Femme
342,Femur
343,Fence
344,Fenks
345,Fenny
346,Feoff
347,Ferae
348,Feral
349,Ferde
350,Feria
351,Ferie
352,Ferly
353,Ferme
354,Ferny
355,Ferre
356,Ferry
357,Fesse
358,Feste
359,Fetal
360,Fetch
361,fetch
362,Feted
363,Fetid
364,Fetis
365,Fetor
366,Fette
367,Fetus
368,Feuar
369,Fever
370,Fewel
371,Feyne
372,Feyre
373,Fiber
374,Fibre
375,Fiche
376,Fichu
377,Ficus
378,Fides
379,Fidge
380,Fidia
381,Field
382,Fiend
383,Fiery
384,Fifed
385,Fifer
386,Fifth
387,Fifty
388,Fight
389,Filar
390,Filch
391,Filed
392,Filer
393,Filly
394,Filmy
395,Filth
396,Final
397,Finch
398,Found
399,Findy
400,Fined
401,Finer
402,Finew
403,Finis
404,Finns
405,Finny
406,Finos
407,Fiord
408,Fired
409,Fring
410,Firer
411,Firms
412,Firry
413,First
414,Firth
415,Fishy
416,Fitch
417,Fitly
418,Fives
419,Fixed
420,Fjord
421,Flail
422,Flain
423,Flake
424,Flaky
425,Flame
426,Flamy
427,Flang
428,Flank
429,Flare
430,Flash
431,Flask
432,Flawn
433,Flawy
434,Flaxy
435,Fleak
436,Fleam
437,Flear
438,Fleck
439,Fleen
440,Fleer
441,Fleet
442,Fleme
443,Flesh
444,Flete
445,Flews
446,Flick
447,Flier
448,Flung
449,Fling
450,Flint
451,Flipe
452,Flirt
453,Flisk
454,Flite
455,Float
456,Flock
457,Flong
458,Flood
459,Flook
460,Floor
461,Flora
462,Flosh
463,Floss
464,Flota
465,Flote
466,Flour
467,Flout
468,Flowk
469,Flown
470,Fluey
471,Fluff
472,Fluid
473,Fluke
474,Fluky
475,Flume
476,Flunk
477,Fluo-
478,Fluor
479,Flurt
480,Flush
481,Flute
482,Fluty
483,Flies
484,Flyer
485,Fnese
486,Foamy
487,Focal
488,Focus
489,Foggy
490,Fogie
491,Foist
492,Folio
493,Folia
494,Folks
495,Folly
496,Folwe
497,Fomes
498,Fonde
499,Fonge
500,Fonly
501,Fonne
502,Foody
503,Foots
504,Footy
505,Foray
506,Forby
507,Force
508,Fordo
509,Forel
510,Forge
511,Forgo
512,Forky
513,Forme
514,Forte
515,Forth
516,Forty
517,Forum
518,Fossa
519,Fosse
520,Foule
521,Fount
522,Fourb
523,Fouty
524,Fovea
525,Fowls
526,Foxes
527,Foxed
528,Fract
529,Foxly
530,Foyer
531,Frail
532,Frame
533,Franc
534,Frank
535,Frape
536,Fraud
537,Freak
538,Freck
539,Freed
540,Freer
541,Froze
542,Fremd
543,Frena
544,Frere
545,Fresh
546,Frett
547,Freta
548,Freya
549,Friar
550,Fried
551,Frier
552,Frigg
553,Frill
554,Frisk
555,Frist
556,Frith
557,Frize
558,Frizz
559,Frock
560,Frond
561,Frons
562,Front
563,Frore
564,Frorn
565,Frory
566,Frost
567,Frote
568,Froth
569,Frown
570,Frowy
571,Fruit
572,Frump
573,Frush
574,Fuage
575,Fubby
576,Fubsy
577,Fuchs
578,Fucus
579,Fudge
580,Fuero
581,Fuffy
582,Fugle
583,Fugue
584,Fulbe
585,Fully
586,Fumed
587,Fumer
588,Fumet
589,Fumid
590,Funge
591,Fungi
592,Funic
593,Funis
594,Funky
595,Funny
596,Furld
597,Furry
598,Furze
599,Furzy
600,Fused
601,Fusee
602,Fusel
603,Fusil
604,Fussy
605,Fusty
606,Fuzzy
607,Fytte
608,Gabel
609,Gable
610,Gadre
611,Gadic
612,Gaged
613,Gager
614,Gaily
615,Galea
616,Galei
617,Gally
618,Galop
619,Galpe
620,Gamba
621,Gamed
622,Gamic
623,Gamin
624,Gamma
625,Gamut
626,Ganch
627,Ganil
628,Ganja
629,Gansa
630,Ganza
631,Gaped
632,Gaper
633,Garth
634,Garum
635,Gases
636,Gassy
637,Gated
638,Gaudy
639,Gauge
640,Gault
641,Gaunt
642,Gaure
643,Gauze
644,Gauzy
645,Gavel
646,Gavot
647,Gawby
648,Gawky
649,Gayal
650,Gayly
651,Gayne
652,Gazed
653,Gazel
654,Gazer
655,Gazet
656,Gazon
657,Gecko
658,Geese
659,Geest
660,Gelid
661,Gelly
662,Gemel
663,Gemma
664,Gemmy
665,Gemul
666,Genet
667,Genie
668,Genio
669,Genii
670,Genre
671,Genty
672,Genua
673,Genus
674,Genys
675,Geode
676,Gerah
677,Gerbe
678,Gesse
679,Geste
680,Geten
681,Ghast
682,Ghaut
683,Ghess
684,Ghole
685,Ghost
686,Ghoul
687,Ghyll
688,Giant
689,Gibed
690,Gibel
691,Giber
692,Giddy
693,Giffy
694,Guide
695,Gigot
696,Gilse
697,Gipsy
698,Girth
699,Gisle
700,Guist
701,Given
702,Giver
703,Gives
704,Glade
705,Glair
706,Glama
707,Gland
708,Glans
709,Glare
710,Glary
711,Glass
712,Glaum
713,Glave
714,Glase
715,Glaze
716,Glazy
717,Glead
718,Gleam
719,Glean
720,Glebe
721,Gleby
722,Glede
723,Gleed
724,Gleek
725,Gleen
726,Gleet
727,Glent
728,Glide
729,Gliff
730,Glike
731,Glint
732,Glist
733,Gloam
734,Gloar
735,Gloat
736,Globe
737,Globy
738,Glode
739,Glome
740,Gloom
741,Glore
742,Glory
743,Glose
744,Gloss
745,Glout
746,Glove
747,Gloze
748,Glued
749,Gluer
750,Gluey
751,Glume
752,Glump
753,Glyph
754,Gnarl
755,Gnash
756,Gnide
757,Gnome
758,Going
759,Goafs
760,Gobet
761,Go-by
762,Godly
763,Goety
764,Golde
765,Golet
766,Goman
767,Gombo
768,Gomer
769,Gonad
770,Gonys
771,Goods
772,Goody
773,Goose
774,Goost
775,Goral
776,Gorce
777,Gored
778,Gorge
779,Gorma
780,Gorse
781,Goter
782,Gouge
783,Bouge
784,Goura
785,Gourd
786,Gouty
787,Gowan
788,Graal
789,Grace
790,Grade
791,Graff
792,Graft
793,Grail
794,Grain
795,Graip
796,-gram
797,Grame
798,Grand
799,Grane
800,Grant
801,Grape
802,Grapy
803,Grasp
804,Grass
805,Grate
806,Grave
807,Gravy
808,Graze
809,Great
810,Grebe
811,Grees
812,Grice
813,Grise
814,Grize
815,Greed
816,Greek
817,Green
818,Greet
819,Grege
820,Grego
821,Greit
822,Grene
823,Grete
824,Greve
825,Gride
826,Grief
827,Griff
828,Grill
829,Grime
830,Grimy
831,Grind
832,Grint
833,Gripe
834,Grist
835,Grith
836,Groan
837,Groat
838,Groin
839,Grond
840,Groom
841,Grope
842,Gross
843,Grote
844,Group
845,Grout
846,Grove
847,Grovy
848,Growl
849,Grown
850,Gruel
851,Gruff
852,Grume
853,Grunt
854,Gryde
855,Grype
856,Guaco
857,Guana
858,Guano
859,Guara
860,Guard
861,Guava
862,Guelf
863,Guess
864,Guest
865,Guiac
866,Gulge
867,Guild
868,Guile
869,Guilt
870,Guise
871,GulAe
872,Gulas
873,Gular
874,Gulch
875,Gules
876,Gulfy
877,Gully
878,Gulph
879,Gulty
880,Gumbo
881,Gumma
882,Gummy
883,Gunny
884,Gurge
885,Gurmy
886,Gurry
887,Gurts
888,Gusto
889,Gusty
890,Gutta
891,Gutty
892,Guyed
893,Guyle
894,Gyall
895,Gybed
896,Gynno
897,Gypse
898,Gypsy
899,Gyral
900,Gyron
901,Gyrus
902,Habit
903,Hable
904,Hades
905,Hadji
906,Ha-ha
907,Haily
908,Hairy
909,Hakim
910,Haled
911,Halma
912,Halos
913,Halse
914,Halve
915,Halwe
916,Hamel
917,Hanap
918,Hance
919,Hanch
920,Handy
921,Hanse
922,Han't
923,Haply
924,Happy
925,Hards
926,Hardy
927,Harem
928,Harle
929,Harns
930,Harpa
931,Harpy
932,Harre
933,Harry
934,Harsh
935,Haste
936,Hasty
937,Hatch
938,Hated
939,Hatel
940,Hater
941,Hatte
942,Haugh
943,Haulm
944,Hauls
945,Hault
946,Haunt
947,Haven
948,Haver
949,Havoc
950,Hawed
951,Hawse
952,Hazed
953,Hazel
954,Hazle
955,-head
956,Heady
957,Heald
958,Heapy
959,Heard
960,Heart
961,Heath
962,Hoven
963,Heave
964,Heavy
965,Heben
966,Hedge
967,Heedy
968,Hefty
969,Hegge
970,Helix
971,Hello
972,Helly
973,Helot
974,Helve
975,Hema-
976,Hemal
977,Hemi-
978,Hemin
979,Hemo-
980,Hempy
981,Hence
982,Hende
983,Hendy
984,Henen
985,Henna
986,Henry
987,Hente
988,Hepar
989,Hepta
990,Herby
991,women
992,Heren
993,Herie
994,Herma
995,Herne
996,Heron
997,Herse
998,Herte
999,Heugh
1000,Heved
1001,Hewed
1002,Hewer
1003,Hexad
1004,Hexyl
1005,Heygh
1006,Heyne
1007,Hided
1008,Hider
1009,Hying
1010,Hiems
1011,Hight
1012,Hoten
1013,Higre
1014,Hijra
1015,Hilal
1016,Hilar
1017,Hilly
1018,Hilum
1019,Hilus
1020,Hindi
1021,Hindu
1022,Hinge
1023,Hinny
1024,Hipps
1025,Hippa
1026,Hippe
1027,Hired
1028,Hirer
1029,Hires
1030,Hitch
1031,Hithe
1032,Hived
1033,Hiver
1034,Hives
1035,Hoard
1036,Hoary
1037,Hobby
1038,Hobit
1039,Hoboy
1040,Hocco
1041,Hough
1042,Hocus
1043,Hoddy
1044,Hoful
1045,Hoise
1046,Hoist
1047,Hoker
1048,Holla
1049,Hollo
1050,Holly
1051,Holo-
1052,Holwe
1053,Homer
1054,Homo-
1055,Honed
1056,Honey
1057,Honor
1058,-hood
1059,Hoody
1060,Hoofs
1061,Hooky
1062,Hoove
1063,Hoped
1064,Hoper
1065,Hoppo
1066,Horal
1067,Horde
1068,Horny
1069,Horse
1070,Horsy
1071,Hosen
1072,Hotel
1073,Hotly
1074,Hoult
1075,Hound
1076,Houri
1077,Hours
1078,House
1079,Houss
1080,Houve
1081,Hovel
1082,Hover
1083,Howdy
1084,Howel
1085,Howso
1086,Howve
1087,Hubby
1088,Hudge
1089,Huffy
1090,Hulan
1091,Hulch
1092,Hulky
1093,Hullo
1094,Hully
1095,Human
1096,Humic
1097,Humid
1098,Humin
1099,Humor
1100,Humph
1101,Humpy
1102,Humus
1103,Hunch
1104,Hunks
1105,Hunte
1106,Hurds
1107,Hurly
1108,Hurra
1109,Hurry
1110,Hurst
1111,Husky
1112,Hussy
1113,Hutch
1114,Huzza
1115,Hyads
1116,Hydr-
1117,Hydra
1118,Hyena
1119,Hylic
1120,Hymar
1121,Hymen
1122,Hyoid
1123,Hypo-
1124,-tyla
1125,Hyrax
1126,Hyrse
1127,Hyrst
1128,Hyson
1129,Hythe
1130,Iambi
1131,-ible
1132,Jabot
1133,Jacob
1134,Jaded
1135,Jager
1136,Jaggy
1137,Jaina
1138,Jakes
1139,Jakie
1140,Jalap
1141,Jantu
1142,Janty
1143,Janus
1144,Japan
1145,Japer
1146,Jards
1147,Jarvy
1148,Jasey
1149,Jaunt
1150,Javel
1151,Jawed
1152,Jayet
1153,Jazel
1154,Jears
1155,Jeers
1156,Jelly
1157,Jemmy
1158,Jenny
1159,Jerid
1160,Jerky
1161,Jesse
1162,Jesus
1163,Jetty
1164,Jewel
1165,Jewry
1166,Jibed
1167,Jiffy
1168,Jimmy
1169,Jingo
1170,Jippo
1171,Joint
1172,Joist
1173,Joked
1174,Joker
1175,Jolif
1176,Jolly
1177,Jolty
1178,Jonah
1179,Joram
1180,Jorum
1181,Jossa
1182,Jougs
1183,Joule
1184,Joust
1185,Joyed
1186,Jubae
1187,Judas
1188,Judge
1189,Jugal
1190,Juger
1191,Juggs
1192,Jugum
1193,Juice
1194,Juicy
1195,Juise
1196,Julep
1197,Julus
1198,Junco
1199,Junos
1200,Junta
1201,Junto
1202,Jupon
1203,Jural
1204,Jurat
1205,Jurel
1206,Juror
1207,Jussi
1208,Jutes
1209,Jutty
1210,Juvia
1211,Kaama
1212,Kabob
1213,Kafal
1214,Kafir
1215,Kahau
1216,Kalan
1217,Kalif
1218,Kalki
1219,Kalpa
1220,Kapia
1221,Karma
1222,Karob
1223,Kauri
1224,Kayak
1225,Kayko
1226,Kecky
1227,Kedge
1228,Keech
1229,Keels
1230,Keesh
1231,Keeve
1232,Kelpy
1233,Kempt
1234,Kempe
1235,Kemps
1236,Kerse
1237,Kerve
1238,Kesar
1239,Ketch
1240,Ketol
1241,Kevel
1242,Kevin
1243,Kever
1244,Keved
1245,Keyed
1246,Khaya
1247,Kiang
1248,Kibed
1249,Kidde
1250,Kiddy
1251,Kieve
1252,Kilos
1253,Label
1254,Labia
1255,Labor
1256,Labra
1257,Labri
1258,Laced
1259,Lache
1260,Ladde
1261,Laded
1262,Laden
1263,Ladin
1264,Ladle
1265,Lafte
1266,Lagan
1267,Lager
1268,Lagly
1269,Laird
1270,Laism
1271,Laity
1272,Lakao
1273,Lakin
1274,Lakke
1275,Lamed
1276,Lamel
1277,Lames
1278,Lamia
1279,Lance
1280,Lanch
1281,Lanky
1282,Lapel
1283,Lapis
1284,Lapps
1285,Lapse
1286,Lares
1287,Larch
1288,Lardy
1289,Large
1290,Largo
1291,Larry
1292,Larum
1293,Larva
1294,Larve
1295,Lasse
1296,Lasso
1297,Laste
1298,Latch
1299,Lated
1300,Later
1301,Lates
1302,Latex
1303,Laths
1304,Lathe
1305,Lathy
1306,Latin
1307,Laton
1308,Laugh
1309,Laund
1310,Laura
1311,Laved
1312,Laver
1313,Lavic
1314,Lawer
1315,Lawnd
1316,Lawny
1317,Laxly
1318,Layer
1319,Lazar
1320,Lazed
1321,Leach
1322,Leady
1323,Leafy
1324,Leaky
1325,Leant
1326,Leany
1327,Leapt
1328,Learn
1329,Lease
1330,Leash
1331,Least
1332,Leasy
1333,Leave
1334,Leavy
1335,Leban
1336,Leche
1337,-ries
1338,Leden
1339,Ledge
1340,Ledgy
1341,Leech
1342,Leede
1343,Leeme
1344,Leere
1345,Leese
1346,Leful
1347,Legal
1348,Leger
1349,Legge
1350,Leggy
1351,Leman
1352,Lemma
1353,Lemon
1354,Lemur
1355,Lends
1356,Lento
1357,Lepal
1358,Lepas
1359,Leper
1360,Lepid
1361,Lepra
1362,Lepre
1363,Lepry
1364,Lered
1365,Lerot
1366,-less
1367,Letch
1368,Leten
1369,-gies
1370,Lethe
1371,Lethy
1372,Lette
1373,Letts
1374,Leuc-
1375,Leuke
1376,Levee
1377,Level
1378,Leven
1379,Lever
1380,Levet
1381,Levin
1382,Levir
1383,Levo-
1384,Lewis
1385,Leges
1386,Liage
1387,Liane
1388,Liana
1389,Liard
1390,Libel
1391,Liber
1392,Libra
1393,Lichi
1394,Licit
1395,Lidge
1396,Lying
1397,Liege
1398,Lieve
1399,Lives
1400,Lifen
1401,Ligan
1402,Ligge
1403,Light
1404,Ma'am
1405,Mabby
1406,Macao
1407,Macaw
1408,Macco
1409,Macer
1410,Macho
1411,Macle
1412,Madam
1413,Madge
1414,Madia
1415,Madid
1416,Madly
1417,Nabit
1418,Nabob
1419,Nacre
1420,Nadde
1421,Nadir
1422,Naeve
1423,Naevi
1424,Navus
1425,Naggy
1426,Nagor
1427,Naiad
1428,Naive
1429,Naked
1430,Naker
1431,Nakoo
1432,Named
1433,Namer
1434,Nandu
1435,Nanny
1436,Nappe
1437,Nappy
1438,Napus
1439,Nares
1440,Narre
1441,Narwe
1442,Nasal
1443,Naso-
1444,Nassa
1445,Nasty
1446,Natal
1447,Natch
1448,Nates
1449,Natka
1450,Natty
1451,Naval
1452,Navel
1453,Navew
1454,Navvy
1455,Nawab
1456,Neddy
1457,Needs
1458,Needy
1459,Neeld
1460,Neele
1461,Ne'er
1462,Neese
1463,Negro
1464,Negus
1465,Neife
1466,Neigh
1467,Nempt
1468,Nenia
1469,Nerre
1470,Nerve
1471,Nervy
1472,-ness
1473,Netty
1474,Neura
1475,Neven
1476,Never
1477,Nevew
1478,Newel
1479,Newly
1480,Newsy
1481,Nexus
1482,Ngina
1483,Niche
1484,Nidor
1485,Nidus
1486,Niece
1487,Nifle
1488,Night
1489,Nigua
1490,Nihil
1491,Nomen
1492,Nimbi
1493,Ninny
1494,Ninth
1495,Ninut
1496,Niobe
1497,Niopo
1498,Nisan
1499,Nisey
1500,Niste
1501,Nisus
1502,Niter
1503,Nitre
1504,Nitid
1505,Nitry
1506,Nitty
1507,Nival
1508,Nixie
1509,Nizam
1510,Nobby
1511,Noble
1512,Nobly
1513,Nodal
1514,Noddy
1515,Noght
1516,Noier
1517,Noils
1518,Noint
1519,Noise
1520,Noisy
1521,Nolde
1522,Nomad
1523,Nomic
1524,Nonce
1525,Nonda
1526,Nondo
1527,Nones
1528,Nonet
1529,Nonne
1530,Nonny
1531,Nonyl
1532,Noose
1533,Nopal
1534,Noria
1535,Norie
1536,Norma
1537,Norna
1538,Norse
1539,North
1540,Nosed
1541,Nosel
1542,Nosle
1543,Notal
1544,Notch
1545,Noted
1546,Noter
1547,Notum
1548,Notus
1549,Nouch
1550,Nould
1551,Noule
1552,Novel
1553,Novum
1554,Noway
1555,Nowch
1556,Nowed
1557,Nowel
1558,Nowes
1559,Noyau
1560,Noyer
1561,Noyls
1562,Nozle
1563,Nubia
1564,Nuch/
1565,Nucha
1566,Nucin
1567,Nucle
1568,Nudge
1569,Nugae
1570,Oaken
1571,Oaker
1572,Oakum
1573,Oared
1574,Oases
1575,Oasis
1576,Oaten
1577,Oaths
1578,Obeah
1579,Paage
1580,Paard
1581,Paced
1582,Pacer
1583,Pacha
1584,Pacos
1585,Padar
1586,Paddy
1587,Padge
1588,Padow
1589,Paean
1590,Paeon
1591,Pagan
1592,Paged
1593,Pagod
1594,Paien
1595,Pains
1596,Paint
1597,Paise
1598,Paled
1599,Palea
1600,Palet
1601,Palla
1602,Quack
1603,Quade
1604,Raash
1605,Rabat
1606,Rabbi
1607,Rabid
1608,Rabot
1609,Raced
1610,Racer
1611,Rache
1612,Racle
1613,Radde
1614,Radii
1615,Radix
1616,Rafte
1617,Rafty
1618,Raged
1619,Raggy
1620,Raiae
1621,Rainy
1622,Raise
1623,Rajah
1624,Raked
1625,Rakel
1626,Raker
1627,Rally
1628,Ralph
1629,Ramal
1630,Ramed
1631,Ramee
1632,Ramie
1633,Rammy
1634,Rampe
1635,Ramus
1636,Ranal
1637,Rance
1638,Ranch
1639,Ranee
1640,Range
1641,Ranny
1642,Ranty
1643,Raphe
1644,Rapid
1645,Rased
1646,Raspy
1647,Rasse
1648,Ratan
1649,Ratch
1650,Rated
1651,Ratel
1652,Rater
1653,Rathe
1654,Ratio
1655,-ties
1656,Raton
1657,Raved
1658,Ravel
1659,Raven
1660,Raver
1661,Ravin
1662,Rawly
1663,Rayed
1664,Rayah
1665,Rayon
1666,Razed
1667,Razee
1668,Razor
1669,Reach
1670,React
1671,Ready
1672,Realm
1673,Reame
1674,Reata
1675,Reave
1676,Rebec
1677,Rebel
1678,Rebus
1679,Rebut
1680,Recto
1681,Recti
1682,Recur
1683,Redan
1684,Redde
1685,Redia
1686,Redly
1687,Redub
1688,Reedy
1689,Reefy
1690,Reeky
1691,Reeve
1692,Refar
1693,Refel
1694,Refer
1695,Refit
1696,Refix
1697,Refut
1698,Regal
1699,Regel
1700,Reget
1701,Regle
1702,Regma
1703,Regne
1704,Reign
1705,Reins
1706,Rekne
1707,Relax
1708,Relay
1709,Relic
1710,Relik
1711,Remit
1712,Remix
1713,Remue
1714,Renal
1715,Renay
1716,Renew
1717,Renne
1718,Rente
1719,Repay
1720,Repel
1721,Reply
1722,Resaw
1723,Reset
1724,Resin
1725,Resow
1726,Resty
1727,Retch
1728,Retex
1729,Retry
1730,Rette
1731,Reule
1732,Reume
1733,Revel
1734,Revet
1735,Revie
1736,Rewet
1737,Rewin
1738,Rewle
1739,Rewme
1740,Rewth
1741,Reges
1742,Reyse
1743,Rheae
1744,Rheic
1745,Rhein
1746,Rheum
1747,Rhime
1748,Rhine
1749,Rhino
1750,Rhomb
1751,Rhumb
1752,Rhyme
1753,Riant
1754,Riban
1755,Ribes
1756,Riden
1757,Rider
1758,Ridge
1759,Ridgy
1760,Rifle
1761,Rigel
1762,Right
1763,Rigid
1764,Rigol
1765,Rigor
1766,Riled
1767,Rille
1768,Rimae
1769,Rimed
1770,Rimer
1771,Rimey
1772,Rindy
1773,Rined
1774,Rinse
1775,Ripen
1776,Risen
1777,Riser
1778,Risky
1779,Risse
1780,Rival
1781,Rived
1782,Riven
1783,Rivel
1784,River
1785,Rivet
1786,Roach
1787,Roast
1788,Robed
1789,Robin
1790,Roche
1791,Rocky
1792,Rocoa
1793,Roddy
1794,Rodeo
1795,Rodge
1796,Rogue
1797,Roguy
1798,Rohob
1799,Roial
1800,Roily
1801,Roint
1802,Roist
1803,Rokee
1804,Roman
1805,Romic
1806,Rompu
1807,Ronco
1808,Ronde
1809,Rondo
1810,Ronne
1811,Roody
1812,Roofy
1813,Rooky
1814,Roomy
1815,Roost
1816,Rooty
1817,Roped
1818,Roper
1819,Roral
1820,Roric
1821,Rorid
1822,Rosen
1823,Roser
1824,Roset
1825,Rosin
1826,Rotal
1827,Roted
1828,Rotta
1829,Rouet
1830,Rouge
1831,Rough
1832,Round
1833,Rouse
1834,Roust
1835,Route
1836,Roved
1837,Rover
1838,Rowed
1839,Rowan
1840,Rowdy
1841,Rowel
1842,Rowen
1843,Rower
1844,Royal
1845,Royne
1846,Rubin
1847,Ruble
1848,Rubus
1849,Ruche
1850,Ruddy
1851,Ruing
1852,Ruffe
1853,Rufol
1854,Rugae
1855,Ruggy
1856,Rugin
1857,Ruled
1858,Ruler
1859,Rumbo
1860,Rumen
1861,Rummy
1862,Rumor
1863,Runch
1864,Runer
1865,Runic
1866,Runty
1867,Rupee
1868,Rupia
1869,Rural
1870,Rushy
1871,Rusma
1872,Rusty
1873,Rutic
1874,Rutin
1875,Rutty
1876,Ryder
1877,Saadh
1878,Sabal
1879,Saber
1880,Sabre
1881,Sable
1882,Sabot
1883,Sacar
1884,Sacci
1885,Sacre
1886,sacra
1887,Sadda
1888,Sadly
1889,Sagas
1890,Sagum
1891,Sagus
1892,Sahib
1893,Saheb
1894,Sahui
1895,Saiga
1896,Saily
1897,Saint
1898,Saith
1899,Saiva
1900,Sajou
1901,Saker
1902,Sakti
1903,Salad
1904,Salam
1905,Saleb
1906,Salep
1907,Salic
1908,Salix
1909,Sally
1910,Salmi
1911,Salol
1912,Salon
1913,Salpa
1914,Salse
1915,Salty
1916,Salue
1917,Salve
1918,Salvo
1919,Sambo
1920,Sandy
1921,Sanga
1922,Sangu
1923,Sanny
1924,Sapid
1925,Sapor
1926,Sappy
1927,Saree
1928,Sargo
1929,Saros
1930,Sarpo
1931,Sarsa
1932,Sarse
1933,Sasin
1934,Sasse
1935,Satan
1936,Sated
1937,Satin
1938,Satle
1939,Satyr
1940,Sauce
1941,Saucy
1942,Saugh
1943,Sauks
1944,Sault
1945,Saury
1946,Saute
1947,Saved
1948,Saver
1949,Savin
1950,Savor
1951,Savoy
1952,Sawed
1953,Sawer
1954,Saxon
1955,Sayer
1956,Saynd
1957,Scala
1958,Scald
1959,Scale
1960,Scall
1961,Scalp
1962,Scaly
1963,Scamp
1964,Scant
1965,Scape
1966,Scard
1967,Scare
1968,Scarf
1969,Scarn
1970,Scarp
1971,Scary
1972,Scatt
1973,Scate
1974,Scath
1975,Scaup
1976,Scaur
1977,Scena
1978,Scene
1979,Scent
1980,Scern
1981,Schah
1982,Scink
1983,Scion
1984,Sciot
1985,Scise
1986,Sclav
1987,Scoat
1988,Scobs
1989,Scoff
1990,Scoke
1991,Scold
1992,Scole
1993,Scomm
1994,Scone
1995,Scoop
1996,Scoot
1997,Scope
1998,Score
1999,Scorn
2000,Scoth
2001,Scots
2002,Scour
2003,Scout
2004,Scowl
2005,Scrag
2006,Scrap
2007,Scrat
2008,Scraw
2009,Scray
2010,Scree
2011,Screw
2012,Scrid
2013,Scrim
2014,Scrip
2015,Scrit
2016,Scrod
2017,Scrog
2018,Scrow
2019,Scrub
2020,Scudi
2021,Scudo
2022,Scuff
2023,Sculk
2024,Scull
2025,Sculp
2026,Scurf
2027,Scuta
2028,Scute
2029,Scyle
2030,Selch
2031,Seamy
2032,Tabby
2033,Taber
2034,Tabes
2035,Tabid
2036,Table
2037,Taboo
2038,Tabor
2039,Tacet
2040,Tache
2041,Tacit
2042,Tacky
2043,Ta'en
2044,Taffy
2045,Tafia
2046,Taint
2047,Taira
2048,Tairn
2049,Taken
2050,Taker
2051,Taled
2052,Udder
2053,Uhlan
2054,Ukase
2055,Ulcer
2056,Ulema
2057,Ullet
2058,Ulmic
2059,Ulmin
2060,Ulmus
2061,Ulnar
2062,Ultra
2063,Ulula
2064,Umbel
2065,Umber
2066,Umbos
2067,Umbra
2068,Umbre
2069,Unapt
2070,Unarm
2071,Unbag
2072,Unbar
2073,Unbay
2074,Unbed
2075,Unbid
2076,Unbit
2077,Unbow
2078,Unbox
2079,Unboy
2080,Uncap
2081,Uncia
2082,Uncle
2083,Uncus
2084,Uncut
2085,Undam
2086,Under
2087,Undid
2088,Undue
2089,Ubeth
2090,Unfit
2091,Unfix
2092,Unget
2093,Ungka
2094,Ungod
2095,Ungot
2096,Unhap
2097,Unhat
2098,Uniat
2099,Unify
2100,Union
2101,Unite
2102,Unity
2103,Unked
2104,Unkle
2105,Unlap
2106,Unlaw
2107,Unlay
2108,Unman
2109,Unmew
2110,Unnun
2111,Unoil
2112,Unpay
2113,Unpeg
2114,Unpen
2115,Unpin
2116,Unrig
2117,Unrip
2118,Unsad
2119,Unsay
2120,Unset
2121,Unsew
2122,Unsex
2123,Unsin
2124,Untie
2125,Until
2126,Unwit
2127,Upbar
2128,Upend
2129,Uphaf
2130,Upher
2131,Uplay
2132,Upper
2133,Uprun
2134,Upset
2135,Upsun
2136,Uptie
2137,Upupa
2138,Upyat
2139,Urali
2140,Urare
2141,Urari
2142,Urate
2143,Urban
2144,Ureal
2145,Uredo
2146,-uret
2147,Urged
2148,Urger
2149,Urine
2150,Urite
2151,Urith
2152,Urnal
2153,Ursal
2154,Urson
2155,Ursuk
2156,Ursus
2157,Urubu
2158,Usage
2159,Usant
2160,Using
2161,Usher
2162,Usnea
2163,Usnic
2164,Usual
2165,Usure
2166,Usurp
2167,Usury
2168,Utica
2169,Utile
2170,Utter
2171,Uvate
2172,Uvrou
2173,Uvula
2174,Uzema
2175,Vacua
2176,Vagal
2177,Vague
2178,Vagus
2179,Vairy
2180,Valet
2181,Valid
2182,Valla
2183,Valor
2184,Value
2185,Valve
2186,Vapid
2187,Vapor
2188,Varan
2189,Varec
2190,Varix
2191,Vasty
2192,Vasum
2193,Vault
2194,Vaunt
2195,Vauty
2196,Vedro
2197,Veery
2198,Veiny
2199,Velar
2200,Velum
2201,Venae
2202,Venal
2203,Vends
2204,Venew
2205,Veney
2206,Venge
2207,Venom
2208,Venue
2209,Venus
2210,Verge
2211,Verse
2212,Verso
2213,Verst
2214,Vertu
2215,Verve
2216,Vespa
2217,Vesta
2218,Vetch
2219,Vexed
2220,Vexer
2221,Vexil
2222,Viage
2223,Viand
2224,Viary
2225,Vicar
2226,Viced
2227,Wacke
2228,Wacky
2229,Waded
2230,Wader
2231,Wafer
2232,Waged
2233,Wagel
2234,Wager
2235,Wages
2236,Wagon
2237,Waift
2238,Waist
2239,Waive
2240,Waked
2241,Waken
2242,Waker
2243,Walty
2244,Waltz
2245,Walwe
2246,Wandy
2247,Waned
2248,Waney
2249,Wango
2250,Wanly
2251,Wanty
2252,Wanze
2253,Waped
2254,-ward
2255,Wares
2256,Warly
2257,Warre
2258,Warry
2259,Warty
2260,Warye
2261,Washy
2262,Waste
2263,Watch
2264,Water
2265,Xebec
2266,Xenia
2267,Xenyl
2268,Xeres
2269,Xerif
2270,Xylem
2271,Xylic
2272,Xylo-
2273,Xylol
2274,Xylyl
2275,Xyris
2276,Yacca
2277,Yacht
2278,Yager
2279,Yakin
2280,Yalah
2281,Yamma
2282,Yapon
2283,Yarke
2284,Yaulp
2285,Yawed
2286,Ydrad
2287,Yeara
2288,Yearn
2289,Yeast
2290,Yeman
2291,Yerba
2292,Yerne
2293,Yerst
2294,Yesty
2295,Yeven
2296,Yewen
2297,Yezdi
2298,Yfere
2299,Yield
2300,Ylike
2301,Yodel
2302,Yodle
2303,Yojan
2304,Yoked
2305,Yokel
2306,Young
2307,Yours
2308,Youth
2309,Youze
2310,Yraft
2311,Ysame
2312,Yucca
2313,Yufts
2314,Yulan
2315,Yumas
2316,Yupon
2317,Zacco
2318,Zambo
2319,Zamia
2320,Zante
2321,Zayat
2322,Zebec
2323,Zebra
2324,Zebub
2325,Zemni
2326,Zenik
2327,Zerda
2328,Zeros
2329,Zibet
2330,Ziega
2331,Zilla
2332,Zinky
2333,Zizel
